ID,ORIGINZONE_3_ID,DEST_ZONE_3_ID,TRIP_PURPOSE_ID,p_transport_car_trips,p_transport_car_vehicles
11020703,107070304,118120401,1,21,17
11382550,107160002,124030304,1,13,10
19030088,107100105,113030000,3,3,2
13026287,153010200,101010202,1,43,30
12501576,133170102,118120101,1,2,2
15897237,102030305,101020201,2,6,4
19952284,124010101,102030203,3,24,16
19958937,124010202,107020503,3,3,2
16881369,112020604,133160302,2,2,1
20176632,128010103,110020101,3,2,1
18673197,107010402,112080104,3,73,43
19394722,110050202,107120004,3,14,5
17081582,115020202,107070202,2,15,7
19585940,112070105,107070106,3,22,10
12310157,128020201,115020201,1,3,2
18787159,107020505,130000201,3,4,2
19857410,118150101,118140403,3,32414,16971
17338094,124020102,107160009,2,13,9
10931067,107020704,107100308,1,136,111
15827782,101030202,107070303,2,20,13
10874714,107020406,118120105,1,8,7
12501237,133170102,107130201,1,2,1
13832805,107100503,107100115,4,16147,13235
13006281,148030100,128010102,1,4,27
18192242,149020200,148010700,2,2,1
18465175,101030303,107080017,3,8,4
10791578,107010409,107100403,1,208,170
17653388,130000106,131000203,2,4,2
10942373,107020711,107090404,1,180,148
17135836,118120303,126040106,2,7,4
19179748,107130101,133170102,3,2,1
18992864,107090310,118130508,3,6,4
10724704,107010103,102020201,1,164,135
20603041,125000102,107100208,3,59,32
10744975,107010202,118130200,1,45,37
19494160,112020402,124020300,3,115,52
16486311,107110105,107070205,2,1067,689
19804650,118130403,101030302,3,409,214
12523164,133180203,104000606,1,2,1
17378495,124040103,107100113,2,128,94
18546049,103030102,103040104,3,1376,617
19351464,110020200,126020204,3,7,3
16722984,110020401,107010407,2,2,1
20589388,114000301,114000303,3,33419,14986
16170746,107020602,126040106,2,2,2
20464832,133210105,102020508,3,66,35
16189686,107020702,107140005,2,4,2
10833792,107020203,107110310,1,63,52
20863805,148010500,101020205,3,7,3
18433446,101010300,126050105,3,723,428
20892109,148020400,113010202,3,110,44
11138583,107100106,107070306,1,791,648
19876487,118150402,107130306,3,9,5
11276571,107120001,107100511,1,2002,1641
18954867,107090105,107020109,3,469,278
11821418,115020203,107050001,1,11,8
16425232,107100206,118130502,2,4,3
19377221,110040202,115030202,3,2,1
19597167,112070204,107010406,3,36,16
17662253,130000204,107070111,2,30,13
18669771,107010310,107160025,3,232,137
19816193,118130506,107020408,3,8,4
19523252,112040201,118130502,3,584,262
17487052,126060301,107040107,2,9,4
11824596,115020302,107020405,1,3,2
11004105,107070113,107110313,1,1547,1268
11631673,112040202,107080001,1,12,10
19206558,107130206,107110312,3,68,40
18874936,107050002,114000305,3,5,3
18605009,106000503,112020406,3,39,16
16359915,107090309,107100507,2,2376,1533
12666630,104000604,107110104,1,2,1
20499529,133220306,112050105,3,17,9
11325941,107130302,129020204,1,7,6
20763035,132120304,132110201,3,5648,2988
18485612,102020301,104000101,3,64,34
11700201,112070201,112060301,1,2340,1918
19804729,118130403,106000100,3,27,14
17097732,115030203,107020506,2,2,1
11822987,115020301,107020505,1,3,2
17080098,115020201,107110110,2,10,5
10634079,102030304,107020611,1,4,3
19499318,112020405,133200300,3,19,9
19068768,107100302,107160009,3,189,112
11416645,107160025,126020210,1,2,2
10632232,102030302,101030102,1,342,280
10918419,107020608,112080203,1,9,8
20567323,114000102,107090406,3,3,1
10857003,107020305,124020101,1,16,13
19526506,112040301,118140103,3,243,109
11243758,107110301,102020504,1,6,5
16197940,107020707,112010002,2,7,4
11740809,113010204,113020303,1,125,103
11750564,113010303,115020101,1,3,3
16544803,107120005,107100302,2,1470,948
16410145,107100112,107090414,2,2384,1538
20027102,126010202,107040105,3,34,14
19167214,107110320,102020201,3,37,22
17748571,133160202,112010001,2,24,14
19810656,118130502,133120104,3,2,1
13490357,107020307,107020117,4,491,403
19000713,107090404,110050203,3,18,10
11104559,107090402,107090301,1,524,430
12384768,130000102,115020103,1,27,19
13981979,107140012,107090111,4,37259,30540
12490122,133160204,112070105,1,4,3
11894785,118130100,112020201,1,70,57
20135787,127010108,107040208,3,2,1
11332282,107130306,126010105,1,7,6
18969364,107090205,102030403,3,92,54
17818636,133200202,124030201,2,18,11
18984866,107090305,124030306,3,14,8
16373491,107090406,126030404,2,2,2
18984002,107090305,106000402,3,365,216
18872502,107050001,107160004,3,260,154
17812960,133200104,107010309,2,2,1
18540415,102030501,124010302,3,80,42
20089079,126040203,110060101,3,4,2
11392312,107160009,126020207,1,5,4
15789708,101010103,131000201,2,20,13
16001327,107010112,107070113,2,660,426
20098439,126050105,107020601,3,20,8
10806810,107020109,126060105,1,8,7
18545346,103030101,126030301,3,6,3
18856617,107040201,118130509,3,13,8
19151666,107110310,112060206,3,9,5
16464350,107100503,126060301,2,5,3
18832615,107020709,133140402,3,7,4
16118461,107020305,112010001,2,82,53
19349728,110020103,118150102,3,71,29
16447799,107100308,112070102,2,5,3
11214980,107100511,107130102,1,347,284
20493040,133220302,112050104,3,6,3
20445453,133200105,107010208,3,4,2
10760601,107010212,107020705,1,669,548
11650381,112050202,133130202,1,5,4
19772831,118120403,112010005,3,41,21
16184361,107020611,102020303,2,6,4
19579572,112070101,107100401,3,8,4
18911232,107070303,107090106,3,1420,840
18494652,102020401,110050303,3,16,8
13519619,107020502,107020701,4,7,6
20465448,133210105,112020602,3,23,12
11063775,107090106,106000401,1,296,243
13212851,102020101,102020103,4,381540,312737
18951838,107090103,107100201,3,122,72
16846797,112020101,112060104,2,248,136
19921602,120000001,107020209,3,2,1
20275713,130000101,112060207,3,6,2
19348405,110020102,133140103,3,9,4
19955128,124010102,133220305,3,2,1
20313188,133120104,118140303,3,2,1
20290553,130000202,124010302,3,16,6
16233135,107040206,107010402,2,1678,1082
20079869,126040104,129010205,3,6,3
19938913,121000000,133220601,3,39,23
20376789,133160103,133170203,3,8063,4312
10983539,107060000,124030305,1,1122,920
11243118,107110205,126040302,1,17,14
20288630,130000201,112010008,3,27,11
19359635,110030000,127010603,3,4711,1899
12144255,126020104,107090203,1,4,3
10997421,107070109,107020713,1,896,734
11690007,112070103,107020705,1,11,9
17138770,118120401,112070101,2,459,261
19771797,118120402,133190202,3,12,6
17340059,124020103,118140202,2,9,6
11915349,118130501,107010202,1,28,23
11351003,107140012,107020611,1,341,279
18965422,107090111,126010210,3,5,3
15935895,103030304,132010000,2,15,7
20466470,133210106,102030403,3,28,15
12863848,132120202,132040205,1,6,5
18890357,107070109,107160018,3,3477,2057
18878773,107070102,107080005,3,231,137
18904924,107070204,107150001,3,102,60
19053809,107100205,107020109,3,481,285
11368631,107150009,101030305,1,68,56
19794994,118130304,103040204,3,4,2
11379350,107150015,126030301,1,6,5
17603580,128040201,101020103,2,16,7
13105081,348030200,122000007,1,6,4
10754269,107010208,107100308,1,1359,1114
11904228,118130305,107090413,1,6,5
19320789,108000301,130000101,3,23,13
18645201,107010207,107080001,3,32,19
19789536,118130200,129020201,3,9,5
18861576,107040204,124020201,3,136,81
11056553,107090101,126020105,1,12,10
18488125,102020303,110010102,3,2,1
12152908,126020205,118140401,1,3,2
14790384,126020210,126010103,4,472,344
18950818,107090102,126010107,3,7,4
11896226,118130200,107130108,1,9,8
17148631,118120407,118130200,2,40261,22875
19596269,112070203,118140404,3,50,23
16410039,107100112,107040102,2,21,14
18957172,107090106,118130404,3,8,5
18871496,107040210,130000102,3,5,3
19045746,107100115,107020411,3,294,174
20355777,133140403,133230005,3,307,164
11998766,118150604,118120302,1,189,155
11458376,110020200,110010101,1,484,375
15907140,102030405,107020120,2,70,40
12533554,133190203,107090403,1,2,1
20563883,104000700,107020101,3,71,35
16447201,107100308,106000702,2,69,45
20524917,104000102,107010107,3,33,16
19565612,112060203,126060202,3,30,13
19319899,108000301,107020709,3,8,4
11203597,107100504,107110204,1,486,399
18807601,107020606,107140012,3,78,46
16615823,107140014,102020505,2,13,8
18028016,132040103,128030101,2,3,2
19649900,113010403,126010107,3,3,1
18661273,107010305,107010406,3,775,459
19107495,107100511,107090107,3,201,119
11211935,107100509,112020502,1,7,6
16450635,107100402,107080001,2,688,444
19953974,124010102,107010108,3,8,5
18823672,107020704,107090405,3,11,7
19146668,107110307,110020402,3,4,2
18885154,107070106,107020307,3,492,291
17687476,133120203,133140102,2,4021,2338
15899818,102030306,124030302,2,182,104
15834366,101030303,107100301,2,3,2
20094529,126040301,133140302,3,6,2
17929818,104000605,107020506,2,14,7
11057577,107090102,107100302,1,723,592
19072274,107100304,115020103,3,22,13
16226405,107040201,152030000,2,3,2
16835120,112010002,107100108,2,2,1
11688621,112070102,107130207,1,2,2
17376906,124040102,107100504,2,221,162
19825848,118140103,107010207,3,3,1
11086619,107090302,107020701,1,74,61
19399171,110050302,102020501,3,237,95
18948861,107090101,112020103,3,35,21
17216147,118140304,107020603,2,2,1
17355634,124030204,107020510,2,4,3
12903850,137010900,118120406,1,7,5
18779843,107020501,107080017,3,198,117
12345296,128040203,107020706,1,19,13
12642154,104000205,107070102,1,66,54
18867181,107040208,102030501,3,39,23
18453634,101030104,107010205,3,17,10
16377356,107090409,101030102,2,108,70
17964809,114000305,131000100,2,206,100
10807925,107020110,107160012,1,263,215
10629931,102030207,124030100,1,199,163
19721004,115030101,112070203,3,28,13
19883574,118150501,128020103,3,2,1
19873622,118150305,118140201,3,15017,7863
19641478,113010302,112040102,3,2,1
19182050,107130103,107040207,3,217,128
14866686,127010103,127010103,4,25260381,0
19965359,124010303,107010404,3,5,3
12261285,127010610,110040105,1,1883,1543
18729678,107020205,107110205,3,193,114
16621366,107150003,112080103,2,3,2
20155877,127010611,118150501,3,2,1
19412471,110060107,107100101,3,23,9
20549849,104000505,112080102,3,958,472
20605622,125000201,125000401,3,14014,7658
11285933,107130101,102020507,1,6,5
18260323,148020300,137011000,2,25,11
11070440,107090110,107070106,1,289,237
20545405,104000502,130000107,3,3,1
12631390,104000101,118140109,1,26,21
11764209,113020103,137010600,1,17,14
11240082,107110203,133190303,1,2,2
11904040,118130305,107020116,1,99,81
11891252,118120410,107090413,1,2,1
16225100,107040201,107020510,2,1061,685
16656371,107160011,102020503,2,5,3
19936302,120000010,107070202,3,7,3
19722308,115030102,107100401,3,3,1
20058152,126030102,107140001,3,5,2
16087014,107020121,101020204,2,77,50
12218579,126060105,102020503,1,2,1
19744233,116000203,133200102,3,87,47
19491700,112020401,107010104,3,15,7
10591281,102020203,133190302,1,5,4
11037774,107080008,102030205,1,2,1
16513588,107110306,101010203,2,8,5
20448760,133200202,107020305,3,5,3
20905384,148030500,126060202,3,4,2
20840939,149030900,149020100,3,67,27
20024691,126010107,128020106,3,3,1
15824246,101030105,101020103,2,1988,1283
15902582,102030402,107130301,2,19,11
10742213,107010113,114000104,1,6,5
11195605,107100406,108000402,1,210,172
12384343,130000102,107090416,1,3,2
16731535,110040102,110050203,2,1749,862
20049258,126020208,114000207,3,7,3
19005005,107090407,101030303,3,57,34
11510293,110060101,110020403,1,1779,1379
20929768,153010800,128020201,3,128,51
17760972,133170101,102030401,2,20,12
20665795,132040204,148011000,3,34,18
11902672,118130304,107110108,1,19,16
18168154,137020100,107010110,2,19,8
11132207,107100102,107100505,1,25561,20952
16857870,112020301,107100508,2,12,7
15819542,101030102,107020110,2,549,354
11209787,107100508,107010210,1,908,744
13367155,107010110,107020705,4,257,211
10978126,107040210,107110102,1,102,84
11009239,107070202,112070108,1,36,30
11924227,118130506,118150501,1,383,314
11063950,107090106,107070104,1,1017,834
13555179,107020612,107010103,4,1312,1075
10902512,107020510,126060301,1,7,6
17528398,127010701,127010604,2,64657,39667
20699503,132080101,131000202,3,11,6
17960750,114000303,107090207,2,2,1
17072574,115010001,126030405,2,8,4
16559241,107130108,107020607,2,1283,828
19210230,107130208,118140401,3,8,5
16479668,107110101,107010301,2,1390,897
20536589,104000301,107110303,3,12,6
19837670,118140110,110060102,3,4,2
16524269,107110312,124010302,2,43,28
16896436,112040302,102030203,2,202,111
20219737,128030105,148010200,3,22,9
19364386,110040103,124010103,3,16,6
16392361,107100101,107110101,2,1172,756
18153441,137010200,101020203,2,4,2
20339558,133130504,104000101,3,6,3
19122658,107110108,118150401,3,12,7
18840487,107020714,124020101,3,89,53
17900567,104000203,107020109,2,38,20
11089651,107090304,102020101,1,25,20
18973203,107090207,112020406,3,14,8
20442933,133200103,118130509,3,15,8
18633580,107010113,102020302,3,7,4
18418665,101010102,118130401,3,123,73
20778014,145020400,107020205,3,3,1
12109971,124030401,106000604,1,4,3
18622867,107010106,112040301,3,432,256
11242629,107110205,107160020,1,104,85
19492715,112020401,129030102,3,6,2
18270121,148030200,148030500,2,247034,64288
19408287,110060104,127010104,3,448,181
19104929,107100509,126030102,3,8,5
12583516,133210204,102020201,1,5,4
10733305,107010108,107160003,1,805,660
16954897,112070105,107010109,2,35,19
20028807,126010207,107090305,3,76,31
16955281,112070105,107150002,2,3,2
16427153,107100207,131000100,2,22,14
12576646,133210107,133220301,1,56,46
19382332,110040205,127010101,3,418,168
15791488,101010201,104000507,2,6,4
19881186,118150405,107090104,3,4,2
18565320,103030303,148020700,3,4,2
12879426,145010600,113010104,1,39,27
16012085,107010205,104000605,2,15,10
18553243,103030201,115030103,3,9,4
16663011,107160015,107020304,2,1346,868
10529279,101010201,118140110,1,8,6
12087675,124030100,107160003,1,45,37
11730397,113010103,103030304,1,29,24
10647065,102030501,107020709,1,13,10
20010492,124040103,151000003,3,2,1
11922738,118130505,126050105,1,6,5
19895789,118160102,107090109,3,3,2
18937367,107080012,107150004,3,29,17
15991724,107010106,107100510,2,1318,850
20281789,130000105,107070203,3,2,1
16820780,111010904,111010905,2,309564,171980
17910826,104000400,112060101,2,136,73
19897743,118160103,112020406,3,19,10
10998897,107070110,106000501,1,74,61
19803586,118130402,110040106,3,2,1
20129285,127010104,107040102,3,4,2
11002278,107070112,107020704,1,276,227
20975205,348011100,128040202,3,40,16
17045484,113020404,148010300,2,2,1
20361806,133150104,118120406,3,2,1
18568822,103030402,107010409,3,2,1
19313782,108000103,111010302,3,3,2
17323458,124010102,107130305,2,22,16
19005862,107090407,118140405,3,2,1
13467636,107020205,107020104,4,3862,3166
19559057,112060104,124040101,3,26,12
18848381,107040104,112080301,3,23,13
19313290,108000103,107010201,3,5,3
19098000,107100505,110010200,3,26,16
20064794,126030204,112010008,3,3,1
21000522,348030400,107130206,3,10,4
15795254,101010204,107020407,2,4,3
18795416,107020510,104000103,3,45,26
10874721,107020406,118120303,1,14,11
15113371,133160102,133150101,4,7474,6126
10951106,107040101,124040104,1,28,23
19788632,118130200,107020508,3,11,6
17646032,130000102,107070110,2,27,12
19578356,112060303,116000103,3,11,5
15840795,101030402,107090206,2,23,15
12936931,149030200,149010500,1,89,62
18876272,107060000,127010105,3,3,2
20389389,133160304,118130302,3,5,3
16578854,107130208,107100203,2,1707,1101
10889374,107020502,118140405,1,2,2
18872198,107050001,107020504,3,2589,1532
10776778,107010310,107020309,1,462,379
19189807,107130107,153010500,3,7,4
11652513,112050204,102030206,1,28,23
19177090,107120006,107020118,3,47,28
18494193,102020401,107010302,3,361,190
18541141,102030502,102030100,3,9776,5145
18450823,101030102,110010300,3,15,9
19242806,107140011,126030301,3,22,13
18626642,107010108,133160303,3,2,1
18794841,107020510,112070202,3,8,5
20311887,133120103,133150201,3,188,101
20530449,104000202,115010002,3,3,1
11403454,107160016,115010001,1,15,12
15830097,101030203,126020103,2,18,12
15914246,103030101,115020303,2,46,22
20926658,153010600,133190103,3,3,1
18760091,107020402,102020103,3,18,10
19237733,107140008,115030303,3,8,5
20790312,137010500,129020301,3,2,1
11918799,118130503,107090206,1,2,2
19590071,112070107,133130202,3,9,4
18257438,148020200,107020305,2,82,36
17729687,133150103,133170302,2,551,320
15834998,101030303,126040205,2,2,1
11415641,107160025,101010202,1,14,12
17492205,126060305,108000202,2,4,2
17892542,104000101,107020712,2,232,125
11978001,118150303,130000107,1,12,10
12120423,124040201,118120405,1,93,76
18429948,101010206,113030000,3,6,3
17031746,113020203,113010104,2,53,30
15968800,106000402,107020309,2,447,195
16643680,107160002,107090110,2,820,529
20011621,124040104,126020208,3,7,5
20363259,133150105,112020502,3,74,40
18475816,102020101,133190103,3,65,34
19833317,118140107,128040202,3,12,6
20219956,128030106,103040202,3,74,30
20250790,129020101,106000701,3,21,11
19808998,118130501,129020103,3,7,4
16097697,107020204,124030204,2,7,5
19611485,112080203,151000008,3,16,7
12118918,124040104,124010303,1,14351,11763
16854489,112020202,107070103,2,14,7
20924543,153010500,113010101,3,17,7
13980357,107140011,107090111,4,131,108
20862167,148010400,101010103,3,4,2
16208886,107020714,107020604,2,375,242
11407590,107160019,102030205,1,4,3
17183529,118130505,102030202,2,8,5
16151290,107020502,126040302,2,21,14
16614425,107140013,107040208,2,685,442
16976532,112080201,112040102,2,569,313
17441786,126030403,107100504,2,3,1
11003011,107070112,124040201,1,165,135
19052485,107100204,107130103,3,64,38
20288591,130000201,110060107,3,17,7
17828594,133210101,133140301,2,28919,16813
16970686,112080102,104000604,2,5,3
17135784,118120303,124030304,2,11,6
17849770,133220202,133220303,2,15994,9299
18234648,148010600,107010102,2,60,26
20577562,114000202,118140103,3,8,3
17995614,125000602,129030302,2,331,198
16148853,107020501,107020410,2,774,499
18981355,107090303,112060205,3,15,9
13754911,107090414,107090305,4,8,7
11135984,107100104,124010301,1,125,102
11694778,112070106,107010401,1,310,254
16405628,107100109,112070103,2,3,2
19065936,107100212,124010101,3,396,235
20616312,125000402,112050104,3,10,5
11081675,107090208,107020105,1,41,34
20761419,132120303,132120103,3,198,105
12327131,128030105,153020300,1,2,1
20907296,154000000,114000207,3,94,38
20712778,132080303,137010100,3,2,1
18599595,106000402,106000702,3,17889,7213
10546505,101020201,107020713,1,41,34
12639071,104000203,107110303,1,32,27
12261268,127010610,110010103,1,160,131
20572915,114000105,128010106,3,5,2
10767299,107010304,107110319,1,2666,2185
16720160,110020200,110040102,2,85049,41896
16535102,107110319,107110106,2,5633,3634
16032035,107010306,107020121,2,673,434
19715327,115020203,152030000,3,9,4
19818625,118130507,126040107,3,5,3
16241400,107050001,107080004,2,6439,4154
16108360,107020211,107040207,2,29,19
12613852,133220601,133130401,1,17,14
18693727,107020106,107020111,3,799,473
16978363,112080202,118150101,2,21,12
19246829,107140014,107020111,3,118,70
10575629,101030305,107020123,1,495,405
19983865,124030202,118120104,3,34,23
18619309,107010104,107090414,3,395,234
11148182,107100112,107020110,1,73,60
16350162,107090303,107100301,2,429,277
19973442,124020204,107010112,3,8,5
11883498,118120405,112070201,1,865,709
10713758,106000603,107110304,1,12,9
19613162,112080204,153030200,3,26,12
16200768,107020709,107020508,2,832,537
10984350,107070101,107010409,1,508,416
20033502,126010210,107020114,3,17,7
20240411,128040204,128010206,3,15979,6443
17138305,118120401,107020705,2,128,72
11709655,112080103,107110109,1,31,26
13707945,107090205,107100507,4,608,498
16033821,107010307,107090305,2,72,47
19359410,110030000,118120406,3,223,90
16405403,107100109,107130302,2,143,92
18595362,106000301,113010207,3,30,12
12389995,130000105,131000100,1,43,30
16050994,107010407,104000202,2,493,318
19965429,124010303,107020507,3,5,4
20096189,126040302,133180201,3,6,2
18930840,107080008,107130108,3,33,20
16876947,112020602,102020101,2,360,198
20439796,133200101,124030302,3,16,8
19735198,116000101,107080014,3,19,10
19659462,113020201,118120101,3,2,1
19710807,115020201,107030000,3,27,12
11177331,107100303,107010107,1,852,699
16918045,112050302,110040103,2,3,2
18911602,107070303,112060103,3,19,11
20130841,127010105,107020210,3,6,3
11117382,107090410,107020205,1,34,28
12215508,126060103,107020502,1,6,4
12934010,149030100,107020116,1,2,1
10630654,102030301,102030207,1,3325,2726
20982725,348011600,107160005,3,7,3
18706601,107020114,102030404,3,28,16
19465179,112010001,133130302,3,160,72
19144835,107110306,107090412,3,114,67
11112505,107090407,107020117,1,239,196
19160255,107110315,133140202,3,6,4
11216273,107100512,107010208,1,2492,2043
20399929,133170202,101030402,3,5,3
20076642,126030405,130000102,3,5,2
16537254,107110320,124020300,2,27,17
20613173,125000304,115020102,3,4,2
16274828,107070204,104000103,2,265,171
18945563,107080017,110050201,3,4,3
18529338,102030305,133180202,3,19,10
16891200,112040104,104000503,2,57,32
18533089,102030402,106000503,3,3,1
16950266,112070102,107090409,2,3,2
16337235,107090203,107110307,2,266,171
20533185,104000204,107070103,3,21,10
20222412,128030107,120000010,3,11,4
19486255,112020202,133120103,3,10,4
11224611,107110105,107090414,1,331,271
16431518,107100210,112020104,2,71,46
12368407,129020301,112020103,1,9,7
17923384,104000601,107060000,2,39,21
18598752,106000401,118150401,3,38,15
11352710,107140013,107090104,1,892,731
12903173,137010900,107010406,1,2,1
19266191,107150012,102030404,3,25,15
20710849,132080302,130000107,3,5,3
10954368,107040103,126020106,1,6,5
11583562,112010008,118130502,1,5,4
11881302,118120404,107010305,1,41,33
12204146,126050104,107020407,1,21,15
11255565,107110308,107140008,1,48,39
20100263,126050106,107110111,3,63,25
12306926,128020105,115030302,1,32,22
18830212,107020708,107100405,3,294,174
11315609,107130207,107160010,1,266,218
19228731,107140002,153010100,3,16,10
17357097,124030205,102030404,2,14,10
11708201,112080102,110050203,1,25,20
17245298,118150402,107020205,2,2,1
19991644,124030207,107130301,3,23,15
18504733,102020505,124020101,3,206,109
20609292,125000302,107010403,3,9,5
20050675,126020209,129020102,3,9,4
16263833,107070112,102020103,2,161,104
20118544,126060301,118140201,3,11,5
11309419,107130203,118120401,1,4,3
18226119,151000008,114000102,2,9,4
20656054,132040101,148010100,3,281,148
17470614,126050107,102020502,2,8,3
20530628,104000202,124030302,3,15,7
20442749,133200103,112040201,3,61,33
19196406,107130112,102010000,3,12,7
17817333,133200201,133220306,2,245,142
18839725,107020714,107020206,3,563,333
11417392,108000101,107010112,1,5,4
17655640,130000108,107020104,2,10,4
19081931,107100402,112070106,3,35,21
20359710,133150103,107090409,3,5,3
18568813,103030402,107010310,3,3,1
19536380,112050103,126030101,3,4,2
12087599,124030100,107110311,1,53,43
19091244,107100501,107070301,3,873,516
19532129,112050101,101010202,3,12,6
20928357,153010700,104000502,3,10,4
18547809,103030103,107020603,3,3,1
19258910,107150007,118150405,3,3,2
16599784,107140004,107020512,2,117,75
16516029,107110307,118120104,2,2,1
19792653,118130302,126020210,3,3,2
20179649,128010105,107090301,3,15,6
17495462,127010102,110010103,2,28796,17666
20879694,148011400,104000303,3,2,1
20099158,126050105,124010303,3,152,61
17151720,118120409,112050104,2,18,10
15839551,101030401,112070104,2,48,31
11659396,112050304,107110316,1,4,3
11323722,107130301,107160013,1,1450,1189
16166872,107020512,107100209,2,234,151
12761658,132030304,132040201,1,548,449
20693300,132070105,132120303,3,30,16
11059957,107090103,131000202,1,3,3
17905984,104000301,112070201,2,9,5
11396633,107160012,107110317,1,190,156
20846706,151000002,113010404,3,19,8
11050728,107080016,102020203,1,5,4
19159478,107110315,107100405,3,251,149
19308520,107160025,107020508,3,77,46
20924304,153010500,107140005,3,11,4
16483798,107110103,126040205,2,25,16
20157578,127010612,124040104,3,10,6
19499973,112020406,107070105,3,44,20
20150134,127010608,101030203,3,2,1
20212605,128030101,118130505,3,23,9
20647600,132030203,131000203,3,4,2
12665560,104000603,124040104,1,2,2
20168380,127010805,107110104,3,3,2
16283394,107070305,107010201,2,665,429
20566543,114000101,133150203,3,2,1
18874102,107050002,107140011,3,60,36
17670415,131000301,107090301,2,4,2
18597538,106000302,104000301,3,84,34
16690843,108000302,107110319,2,95,59
10854488,107020304,102030205,1,3,2
19447201,111010806,126050202,3,35,18
19888126,118150602,113030000,3,8,4
11676457,112060205,104000102,1,15,12
12113322,124040101,107020502,1,32,26
12393922,130000108,107020409,1,2,1
18909787,107070302,107140012,3,220,130
19873285,118150305,107160014,3,9,5
20663433,132040203,113020402,3,24,13
20113960,126060201,131000201,3,24,10
17664058,131000100,107130108,2,232,101
19170608,107120002,107020201,3,36,21
12687314,114000204,101030302,1,13,10
19750472,118120102,126020104,3,2,1
11922428,118130505,112070203,1,148,121
15833429,101030302,128010104,2,2,1
16040920,107010401,124020205,2,19,12
11183875,107100307,107020119,1,242,199
19048366,107100201,133170102,3,12,7
20136775,127010108,133210108,3,9,5
20409775,133180102,107010302,3,10,5
18831767,107020709,107090301,3,192,114
18847224,107040103,133150300,3,4,2
20795124,137010800,128010101,3,11,4
17414031,126020205,107020603,2,14,6
13011883,148030500,107020210,1,4,3
19125351,107110110,107090303,3,119,71
16656325,107160011,101010204,2,47,30
20801843,137020200,104000504,3,3,1
19863690,118150201,112030002,3,22,11
19580200,112070101,126050105,3,57,26
20894897,148020600,107070109,3,5,2
10856101,107020305,102020505,1,4,3
19896251,118160102,115020201,3,12,6
17355440,124030204,102020201,2,146,108
18755740,107020309,108000103,3,14,8
20010179,124040103,133140101,3,9,6
20946402,153030200,148011100,3,83,33
16723549,110020401,112070204,2,27,13
19966973,124020101,107010306,3,62,42
18139976,145010500,130000104,2,2,1
18446647,101020205,133210104,3,6,4
16606270,107140008,107020510,2,2618,1689
20536297,104000301,107010308,3,484,239
15882823,102030202,107020210,2,6,4
17174531,118130403,115010002,2,19,11
13998173,107150008,107080003,4,3042,2493
16465771,107100504,118130302,2,2,1
16585763,107130301,115030303,2,9,6
18792655,107020509,107010406,3,363,215
19210387,107130208,126050108,3,89,53
12382856,130000101,107140009,1,5,4
19731560,115030301,153020200,3,23,10
20749384,132120101,113010402,3,17,9
18618340,107010103,126030405,3,14,8
19706959,115020101,133220302,3,2,1
18599951,106000402,107130107,3,1232,497
11691758,112070104,107100108,1,19,16
11906471,118130306,126010106,1,3,3
12389082,130000105,107020610,1,2,1
19303668,107160021,107020610,3,289,171
18861892,107040204,133220205,3,11,6
19994656,124030302,107020714,3,191,128
19261186,107150008,153020800,3,3,2
16188422,107020701,118130504,2,12,8
11166575,107100208,112070202,1,2,1
16040925,107010401,124030202,2,13,8
19110326,107100512,153010200,3,25,15
18294740,153010600,107020301,2,23,10
19892452,118150605,107020608,3,4,2
16667750,107160018,102030502,2,30,19
20580601,114000204,112020402,3,2,1
20378476,133160201,133220602,3,347,185
19202092,107130203,118130402,3,17,10
19236518,107140007,133170102,3,2,1
15991973,107010106,112020603,2,29,19
19465969,112010002,107090301,3,45,20
17121520,118120103,104000303,2,602,342
18141977,145010600,148020600,2,21,9
17384618,124040203,101030102,2,124,91
13535850,107020512,107020712,4,317,260
18600507,106000402,126040204,3,1436,579
11579695,112010006,107020601,1,4,3
11902692,118130304,107110312,1,20,16
19626136,113010104,153020800,3,8,4
11578540,112010005,112060103,1,289,237
12637962,104000202,124020201,1,3,2
11308762,107130203,107020112,1,103,84
11518444,110060106,110070005,1,6,4
15829452,101030203,107090308,2,33,22
18568157,103030401,128040202,3,159,71
10747860,107010204,107130206,1,127,104
20076169,126030405,112020603,3,6,2
20346784,133140202,107100407,3,2,1
18611784,106000702,124010303,3,95,38
11326759,107130303,107090105,1,427,350
17920723,104000506,118130509,2,10,5
18525454,102030302,110040201,3,14,7
19261636,107150009,107100112,3,228,135
19464484,112010001,107130202,3,14,6
19477698,112020101,112070105,3,1603,719
19710563,115020201,101020205,3,159,71
12968012,148010300,106000800,1,8,6
16426370,107100207,107100102,2,15730,10148
20120866,126060303,348011100,3,3,1
11234346,107110111,107090417,1,168,138
12369408,129020302,102010000,1,216,177
11466500,110030000,110030000,1,80776620,0
19135324,107110205,110040108,3,4,3
17775639,133170303,107010206,2,4,3
19711702,115020201,130000204,3,146,66
11147359,107100111,124030303,1,676,554
16953148,112070104,101010201,2,21,12
16539773,107120002,107020603,2,1032,666
20860031,148010200,128030104,3,11,4
18876050,107060000,118120402,3,88,52
16119665,107020306,107020505,2,20766,13397
20874290,148011100,113020302,3,2,1
11855324,118120101,107010104,1,38,31
19623861,113010103,118150501,3,4,2
19585496,112070104,137010900,3,6,3
17168718,118130306,137020100,2,31,18
18480472,102020201,126040104,3,33,17
19954019,124010102,107020109,3,9,6
10647057,102030501,107020701,1,15,12
16030472,107010305,107020610,2,955,616
17902357,104000204,107090206,2,5,3
10731949,107010107,115020102,1,2,2
19870584,118150303,128010101,3,78,41
20130005,127010104,124040201,3,63,36
20840988,149030900,148030200,3,5,0
18024757,132040101,128010204,2,102,58
10917825,107020608,107010208,1,999,819
19516394,112040101,107130208,3,49,22
16037868,107010309,130000108,2,5,3
15912078,102030503,107020710,2,13,7
19780630,118120408,107090202,3,15,8
20961373,348010300,107040104,3,2,1
19717876,115020302,118120410,3,5,2
16029764,107010304,131000201,2,2,2
15796341,101010204,104000203,2,3,2
18567192,103030401,107010401,3,3,1
19844430,118140302,118140303,3,365475,191348
10709992,106000501,153010600,1,3,2
18649985,107010210,107020505,3,54,32
16585833,107130301,118140304,2,6,4
19292501,107160014,107110105,3,78,46
18161959,137010700,107100509,2,4,2
19070274,107100303,107100504,3,4496,2661
18994001,107090311,107100107,3,77,45
14610242,118150304,118140405,4,2563,2101
20449588,133200202,126040205,3,9,5
11892001,118120410,128040103,1,2,2
18966568,107090202,107150009,3,513,304
18852979,107040107,107130103,3,43,25
20670481,132050201,114000204,3,3,2
12210749,126050108,107090105,1,50,37
10980335,107050001,126030204,1,3,3
19839233,118140201,107160025,3,6,3
20069253,126030301,107020611,3,13,5
16502424,107110204,107020207,2,244,157
16207539,107020713,107150002,2,124,80
19576354,112060302,107110108,3,4,2
20456235,133200402,133140302,3,655,350
19686154,113020505,153030400,3,2,1
16568770,107130202,102020201,2,26,17
11758628,113010404,113010203,1,676,554
18443038,101020203,118150304,3,6,4
18833045,107020710,101010103,3,12,7
11389722,107160007,102020102,1,15,12
19790724,118130301,112060101,3,621,325
10701172,106000200,118120404,1,2,2
10729747,107010106,107020406,1,746,611
20800058,137020100,130000106,3,128,52
19278144,107160004,112020602,3,4,3
11620268,112030001,107020712,1,61,50
20797933,137011000,112010003,3,2,1
12087303,124030100,107010402,1,36,30
19961653,124010203,104000603,3,12,8
17545066,128010102,148010900,2,5,2
16029295,107010304,112050103,2,36,23
15834401,101030303,107110109,2,16,10
19691179,113040103,103040102,3,7,4
11023600,107070306,107130206,1,163,133
20260984,129020301,110030000,3,7,4
11585190,112020101,118130508,1,15,12
16663040,107160015,107020510,2,1287,830
15926514,103030204,103030403,2,3392,1646
19496955,112020404,107150002,3,6,3
20295631,131000100,133120101,3,2,1
19282458,107160007,106000800,3,160,95
19538038,112050104,126060202,3,27,12
19023206,107100101,107100201,3,10619,6284
16429464,107100209,107020502,2,617,398
18898262,107070114,107090202,3,1208,715
17598414,128040102,114000205,2,87,38
20217611,128030104,126020107,3,5,2
19414234,110060108,107150003,3,8,3
17542734,128010101,115020303,2,254,111
14519366,118120408,118120410,4,25186,20644
19212822,107130210,107020508,3,64,38
15640859,148030300,148030500,4,29593,9898
12096903,124030206,101030202,1,12,10
12089615,124030201,118130302,1,3,3
16299690,107080008,107020401,2,42,27
20725399,132100101,128020204,3,12,6
20390176,133160305,101020103,3,3,1
10628990,102030207,101030104,1,3,2
20206348,128020203,128010205,3,13451,5424
19737025,116000102,107160001,3,3,2
10572609,101030303,107100404,1,9,7
20042425,126020107,126010201,3,1640,661
16452985,107100403,126050106,2,5,3
10870886,107020404,107020606,1,399,327
19692447,113040103,132010000,3,97,51
18597509,106000302,133220208,3,3,1
16466775,107100505,107020507,2,131,85
16228237,107040203,107010105,2,2203,1421
10746651,107010203,118150402,1,6,5
18633937,107010113,107100212,3,622,368
19744844,116000204,107020602,3,3,2
16115893,107020303,104000605,2,2,1
20215479,128030103,107130211,3,9,4
20296596,131000201,107140011,3,17,7
16611566,107140011,112020401,2,3,2
16570830,107130203,107130108,2,2348,1515
11804085,113040301,113040302,1,361704,296479
18903806,107070203,126030205,3,4,2
18627364,107010109,107080006,3,25,15
11575323,112010003,112080102,1,333,273
17780800,133180201,107110108,2,3,2
20440999,133200102,108000104,3,5,3
12995729,148020200,107040102,1,5,3
19197058,107130112,112040304,3,6,3
19755411,118120105,127010611,3,3,1
16078906,107020116,101020206,2,286,184
12784369,132060103,132040204,1,85,70
19537131,112050104,107010206,3,23,10
12459851,133140401,133210202,1,437,358
18606143,106000603,107020115,3,278,112
20771848,145010600,107150003,3,4,2
19249587,107150001,104000502,3,10,6
18976040,107090209,107020714,3,3934,2328
18858397,107040202,126040101,3,127,75
12097543,124030206,112020404,1,52,42
18681599,107010407,126040101,3,26,16
20173194,128010101,107100106,3,3,1
20000442,124030305,133130403,3,45,30
14412242,113020403,113020302,4,1140,935
10998822,107070110,102020201,1,152,125
12857378,132120101,132070202,1,2255,1848
20266574,129030102,104000204,3,6,3
16901576,112050101,107090108,2,2,1
20673842,132060101,145010500,3,12,6
18311753,153020800,126010207,2,135,59
19351548,110020200,128010105,3,6,2
19036007,107100109,107020404,3,50,30
19874047,118150305,104000201,3,111,58
18203594,149030500,148010500,2,34,15
18512352,102030201,107120002,3,20,11
11939716,118140107,107020108,1,13,10
20609191,125000302,102030100,3,9,5
18952436,107090103,126010103,3,10,6
17148009,118120407,107020501,2,16,9
18809743,107020607,126040202,3,87,52
16023166,107010212,126060301,2,2,2
19645008,113010304,124030201,3,4,2
18595199,106000301,110040109,3,9,3
16353325,107090305,107080011,2,1198,773
15971531,106000501,104000601,2,17,8
11638193,112040304,107090206,1,8,7
11402186,107160015,130000102,1,5,4
20424884,133190202,112020202,3,123,66
19441572,111010803,107040209,3,32,16
19987359,124030204,127010701,3,4,3
11020175,107070304,107070304,1,6213266,0
20048925,126020208,126020205,3,29619,11943
20383886,133160301,107020401,3,2,1
12467157,133150103,107120001,1,2,2
17342588,124020204,107010407,2,25,19
19439996,111010802,107080016,3,19,9
19299903,107160018,119000000,3,7,4
15971970,106000502,107010201,2,2,1
19214920,107130211,112060202,3,11,7
11934358,118140103,104000202,1,16,13
19952386,124010101,107010407,3,39,26
20564912,104000700,133140403,3,3,1
15896028,102030304,107100512,2,25,14
18734460,107020208,107090403,3,57,34
20778651,145020400,118120301,3,3,1
19838028,118140110,124030203,3,2,1
11591772,112020201,124020201,1,53,43
12189688,126040106,107090401,1,8,5
16945915,112060302,118140302,2,2,1
17477386,126060103,107090108,2,3,2
14303507,112060203,112060205,4,364662,298904
19805738,118130403,128040102,3,4,2
19085010,107100404,108000301,3,130,77
20941041,153020700,126030302,3,107,43
16443232,107100305,126030205,2,2,2
20216716,128030104,105000000,3,38,15
18778701,107020413,115030103,3,3,2
20176341,128010103,107050002,3,7,3
17498753,127010104,110060200,2,257,158
16728767,110030000,127010805,2,359,177
20196213,128020103,112050103,3,5,2
20017972,126010103,118140103,3,7,3
10940593,107020710,107020302,1,986,808
20309075,133120102,101020102,3,2,1
18901338,107070202,107020106,3,623,369
16265097,107070112,104000201,2,389,251
18893657,107070111,110050103,3,16,10
16492192,107110108,104000507,2,84,54
12388097,130000104,118140304,1,14,10
19514827,112030002,107160018,3,261,117
20272725,129030301,124030204,3,7,4
19702565,115010001,107010109,3,50,22
10610696,102020504,133140401,1,5,4
18968874,107090203,133150300,3,5,3
19171132,107120002,112060208,3,10,6
17435425,126030205,107160020,2,2,1
17194898,118140103,102030405,2,6,3
11234691,107110111,112070102,1,5,4
20110534,126060104,124030306,3,6,2
16917071,112050301,133180203,2,2,1
20925825,153010600,107100302,3,4,2
11307119,107130202,107010310,1,86,71
10648785,102030502,107090309,1,32,26
19412466,110060107,107090413,3,7,3
20131327,127010105,112040301,3,43,24
17764529,133170103,107100111,2,4,3
17458587,126040203,126020105,2,481,223
16130164,107020402,126010208,2,2,2
18683953,107010409,107010113,3,841,498
18611877,106000702,126060203,3,198,80
20920929,153010300,107090416,3,38,15
19805325,118130403,112060104,3,21,11
16926280,112060103,112060204,2,68069,37401
16403591,107100108,107070302,2,1086,700
19712353,115020202,107020121,3,38,17
19414259,110060108,107160014,3,6,3
18726204,107020203,107020403,3,36,21
20868808,148010800,107010309,3,5,2
10926305,107020701,107140014,1,102,83
10746044,107010203,107070110,1,5183,4249
17789698,133190103,133170202,2,133083,77374
12191445,126040107,107130211,1,40,29
18960530,107090108,124030207,3,13,8
19652932,113020101,113020502,3,192,102
12536011,133190204,133140402,1,11376,9325
15999664,107010111,107020708,2,8790,5671
18854260,107040108,107010110,3,77,46
10895189,107020506,107020404,1,584,479
16956102,112070105,114000205,2,3,1
16104168,107020208,124010202,2,18,11
